id,V1,V2,V3,V4,V5,V6,V7,V8,V9,V10,V11,V12,V13,V14,V15,V16,V17,V18,V19,V20,V21,V22,V23,V24,V25,V26,V27,V28,Amount,Class
0,-0.2606478048943981,-0.4696484500536342,2.496266082631564,-0.0837239126781463,0.1296812361545678,0.7328982498449426,0.5190136179018007,-0.1300060475886773,0.7271592691096374,0.6377345411881967,-0.987020009879984,0.2934381004820159,-0.941386125092944,0.5490198936308889,1.8048785784684265,0.2155979938725388,0.5123066605849524,0.3336437173298195,0.1242701563540847,0.091201898816507,-0.1105516796101296,0.2176061438295,-0.1347944948772723,0.1659591154312752,0.1262799761446219,-0.4348239807537432,-0.0812301086016675,-0.1510454864555771,17982.1,0
1,0.8373986235938112,-0.9203611833740298,0.9442692339770024,-0.5635513743676397,-0.2551870669214175,0.3001946174931242,0.2004357266631224,-0.175423457437761,1.5197036418956842,0.595237068139703,-0.851565106273673,-0.3453165135559083,1.0137261253120209,1.391940278309766,-1.5989915653676732,-0.3150067313526405,1.0110019300355428,1.1384131780586848,-0.6391294475771798,-0.4295075300070906,-0.345422721941123,-0.9708059230437486,-0.1086645395732182,0.7874007804449467,0.1933908347739663,2.003453258723719,-0.3332937241727083,-0.0248017307889649,12313.7,0
2,-0.6396696089088921,-0.1085544482705494,0.7782100056976416,-0.0387317303261419,0.0931250677366161,0.2300318007380571,0.2907969767219405,0.0209318362579932,1.9438512530541197,0.7255141701267849,-0.4221014641688578,-0.1395227140902505,1.6100506053085966,1.8758406405835548,-0.7389747824146089,0.0076854011409323,1.135717344162971,0.0611976725748488,-0.0474454796105257,-0.9791604763973756,-0.258350615161879,0.3999244836139014,0.7828074052151636,0.7837407009970755,0.2522588245765189,-0.5592561594925328,0.4076862143246358,0.0167584875341781,17302.79,0
3,-0.6341960207964381,0.3969674353989785,0.1502771625103859,-0.1669185756114557,-0.1878808763865086,0.4278938867271482,0.0996176558842817,0.3688610633594755,0.5966629082482674,0.8307821407986117,-2.054181887637487,0.6128786269940597,-1.255257490639331,1.6765895005266074,0.3213210167648759,0.1450143049008411,0.9639265358884572,0.133561253702161,0.3947358950915572,-0.1385465784719943,-0.1077600280067375,-0.0736536464563368,0.0972145367444004,-0.5477133965665822,0.2240567616679,-0.5093762327022227,-0.4757766809262572,-0.3406343641248155,13206.01,0
4,-0.4791780540469802,0.1662316092815958,0.7983532787092478,-1.7085273543647483,0.1157005892519231,0.3388029408121339,0.4430040058197421,0.0228040736897905,0.9525782218657748,1.1155473636091546,-0.0381041851889311,1.4136210453534572,0.2588834764986352,0.7098702584699749,0.0779453768740821,0.8844777355906883,0.2492251373809232,0.1491335235605378,-0.95414271231438,0.5376396739589165,-0.1657090846351346,-0.1775990495354585,0.0030699824638552,-0.5014502008107111,-0.188018432483703,1.5934715202120886,0.7704468123253272,1.0075689552228708,14091.37,0
5,1.198999047721193,-0.6509327869756015,0.4086128616610975,-0.9467734380589736,-0.0019218870783003,-0.0349987041113375,0.3162304222016974,-0.1945872420087037,0.209589001116426,0.895987311563483,-1.5098044830720083,0.004564118192091,-1.2657250059688618,0.7294206998070486,-0.0905939301482391,1.0153009976258989,0.6313399131547438,-0.3581307673991654,0.6059980541476497,-0.1725338096476124,-0.0604175585006111,0.2194142102299396,-0.2410161099468609,-0.1516886793030948,1.2771854126735678,-0.0551209105884488,-0.2614349433443889,-0.1063355508877228,8470.52,0
6,-0.1270447612510035,-0.1561416566976351,1.644751756433788,-1.4201894212841897,0.1144260643804041,-0.0381109360794974,0.6403631166411047,-0.1279235176557926,0.4666943111113686,0.4966785773722283,0.0415372945159774,1.0076536828913094,-0.4404368829592689,0.7934392497504853,-0.2079474900110735,1.0170004142119249,0.2032211476361548,0.3927594308153632,-0.660045438540642,-0.0227256163408654,-0.1247438836181723,-0.1241865140112333,-0.0656297870979216,1.1869708675455883,-0.658068250902559,1.4369655374931996,0.2065300144139738,0.4369632855317951,2717.53,0
7,1.2132627251587629,-0.7565176317889405,0.5383755484797961,-2.042768333995752,-0.1106269774774692,0.0304345189193632,0.2131167545326139,-0.196209254455048,0.7670806108587015,0.492117171702453,-1.3751572718681435,0.8195965514739882,1.1725436273384209,0.6174884841957214,2.2871086826058824,-0.2081312245846726,0.3352903782025995,1.9563331248006148,-0.1493901685624389,-0.5755447737171031,-0.2067645751780902,-0.1394227699216898,-0.1776578935050357,-0.6893319262714248,0.837164481562661,0.3215169184260851,-0.1823477708952788,-0.0561571924473533,19492.83,0
8,1.1444811757913491,-0.4963639459561836,0.2157203230872517,-1.6588962166995282,0.2474526558210203,-0.1269881313371234,0.517359366206402,-0.1929672609072512,1.0642516071183068,0.2970497460342325,-0.1990590510632045,1.091752537534254,-0.8313602366095264,1.3217165922924383,1.0155979202049406,0.3140646259721927,0.2893388262650548,0.4513624239156668,1.081914882899243,-0.2874876604301389,-0.249190128999224,-0.9269865714695612,-0.0582986907613744,-0.9377275705658286,0.8150545378673424,-0.5871033238283123,-0.2792573422330632,-0.1326067412453713,2111.11,0
9,0.8545525460527881,-0.664798007405816,0.4200843712404291,-1.4146078520975267,-0.0268169583055629,-0.378244934644777,0.5145310484653284,-0.2079658222991549,1.0651145688482466,0.2706568587600703,0.2084010772503313,1.78031003658957,-0.2827245588209504,1.1843036807184038,1.11199127561216,0.2330223326701463,0.3619477958184194,0.4188767950803931,0.5891114213371909,0.0081849340395435,-0.0978463632830369,-0.2309180457246849,-0.1457872388908352,1.2162130816662804,0.6224062634463523,-0.3471029283617529,-0.2850249799098553,-0.0401319837413487,21937.75,0
10,1.0251302300480407,-0.8079291900766371,1.087932151213838,-0.7500505985625714,-0.0422462393413528,1.3590015877448651,0.0296871998257595,-0.0410484486935002,0.500520298683962,0.8444648684264128,-0.8436127799847913,1.75622945744446,1.6639911763940336,0.269861383131169,-1.1795452971715052,-0.125162507488265,0.3764743505448112,1.6042351227975775,-0.3758270988309286,-0.5526225083373674,-0.2620289107899508,-0.3007079359501327,-0.1529407558350889,-2.044460862995671,0.413405237916536,1.396695821811267,-0.1572411246162386,-0.0769084367470488,21809.74,0
11,-0.2430705124621748,-0.2038761856868471,0.2080641030707196,-1.9480827312530975,1.5413416642749749,2.0052067170119376,0.5234846062055291,0.1259289888356421,0.2228128710092319,0.2593642894178048,-1.004955282733774,0.5880149773739751,-0.1046726483316573,1.0172273330056103,-0.2173820750228794,1.4721105982093594,0.0783855801135344,0.2813232641975666,-1.4242934612219,-0.515662243717998,-0.1390128315192245,-0.655182698478684,0.0213494832923844,2.177181410586247,-0.2952013946240156,-0.4916690723936793,-0.5720433710119707,0.0474466589754721,20790.71,0
12,1.0007291625210315,-0.5302260266773665,1.0974886068457983,-0.306479384911981,-0.0605873083388219,0.4496715454734294,0.2225446939362305,-0.1175484975303425,1.2651908505834737,0.5111166964201556,-1.6506861433776518,0.501826552304589,-0.6936397186447231,0.5721579975870943,0.3370620837142641,0.7017503399353635,0.346597006967822,0.3396939190723093,-0.0847273908500407,-0.3034404503058375,-0.1569784165914579,-0.2549775596562961,-0.0463011662063158,-0.1557547328216626,0.3944044332245741,0.7696038161501022,-0.2263109629761057,-0.0500489408428575,22964.9,0
13,0.9863571552921544,-0.3772229082949674,0.5536416318099437,-0.3998272321410719,0.1772335776573708,0.1439395854417989,0.4278972012195823,-0.1578168691679453,0.4012134734067752,0.5508398872709982,0.0140450559052601,1.132040197426222,-0.0365866890172132,0.678745191938379,0.4834940834359862,1.0618992078482838,0.3314991626086683,0.5646306167248676,-0.0363034303563008,-0.197781245964126,-0.2039347160679753,-0.7545796688216264,0.03773614120718,-0.046966456459283,0.26288234424931,0.2307903832851503,-0.2758534988386277,-0.0505284908398541,14918.46,0
14,-0.0421536084545293,-0.2521221542733395,1.8751756416847905,-1.436554057145229,0.2716664042512653,0.2631614561735972,0.681053668676392,-0.1479849918859615,0.4347020085701398,0.4457153192152291,0.1556453773584183,1.0305434540468144,-0.4174664715061476,0.7235775602165382,0.0767744828658851,0.7220485558072769,0.2492681007031066,0.102748108522992,-0.9596354297423848,-0.0968800521075078,-0.1203286672130635,0.0291229777125349,-0.0815942813534259,0.5310799374879386,-0.8866133213510095,1.4298088752014764,-0.1162569286616335,-0.2467189487500962,5265.08,0
15,0.6149643422819491,-0.6793786095744084,0.9345653672549066,-0.0502713966922858,-0.0645395610223004,0.4174601426767033,0.3955120232215046,-0.1431213182182838,0.8665362395898251,0.495447548610354,-0.7267427927332247,0.988989597937846,-0.0266336496447579,0.6987901657344946,0.8148494023125481,0.2970477106936564,0.4701978459960647,0.0622535506377281,-1.0308646557202032,0.0932095419975877,0.0144347081568712,0.5084242131783112,-0.2761149881325023,0.9184465245201772,0.6457444148103063,-0.553648113586407,-0.205453600747575,0.0607058341529624,20771.82,0
16,-0.1820656511547062,-1.0745122488724188,0.0036669273072336,-1.4590016030483812,0.0961874255966488,2.8690031362953587,1.3257169426982092,-0.058644926318393,-0.1252331765881306,0.6079802933617381,-0.905593783497367,0.1438509578176483,0.2343439889149547,0.496331643229077,-0.1710883977732535,1.0731594969202034,0.5372772284510138,-0.196240444686926,1.3697240155304633,0.3154114382888784,-0.0721110037435414,0.150609647255808,0.6883394720612079,2.334178177915013,-0.7227660052727178,-0.6927999442340079,0.1477206566765995,0.2232994026373418,21583.64,0
17,0.7715134820338133,-0.4786054745074523,0.6004212240203378,-0.1096184599591705,0.1656407807244524,0.2709858401665077,0.5337461479487086,-0.1819713148527056,0.423473229051534,0.5730002662020015,-0.6665075976278629,1.056518257517383,0.7089384437768718,0.861334352234825,1.3615727181396042,0.3772576006296484,0.3708266296418291,-0.0074012415125474,-1.0114787382192263,-0.0129218516834393,-0.0280064920225933,0.2793208456467758,-0.2334789040623093,0.2323439063516048,0.8683641547068188,-0.6303845852907013,-0.2238897694275322,0.00663406590501,13045.18,0
18,0.6623917638507453,-0.9380947529413456,0.6941095747829186,-0.670423648647712,-0.0853161471577307,0.7094250112309272,0.2582462201635606,-0.105939843595445,1.3254246742183682,0.4283502999016566,-1.5946124443800973,0.3304413945298776,-0.8664998577780784,0.6532257958898238,1.4482385772996036,0.7629087554259072,0.3914195548906226,0.2047352445900882,-0.2587209868356522,0.2238049734444922,-0.0370202233763407,-0.0026224713915933,-0.312685709416368,-1.130755247878441,-0.0261329646175195,2.8881364115240524,-0.3545925774345529,-0.0074560214353841,14501.76,0
19,1.009070995568555,-0.5587439794519606,0.3510749105292537,-0.4901304282062947,0.1249569117858903,0.106698699408093,0.4688305837727332,-0.1973202862810642,-0.2611405189051825,1.1084771710462773,-0.2183819910784915,0.8158683617317607,-0.0644688865413661,1.1499698671977303,-0.1453153396197536,-0.1516522888880362,0.3187797382393149,1.8042403754551224,-0.7683496213087009,-0.5921489465360585,-0.220478392363413,-0.5120803907626034,-0.2034271943253282,-0.0480116316098911,1.1198401672384206,-0.7067059896337093,-0.2414755079947339,-0.065220215890558,7990.33,0
20,-0.0859931426486932,-0.0596128784554687,0.2728325730206838,-1.2963723191165824,1.5405446613085998,2.1897970681445256,0.383390450712321,-0.1155913747321599,0.3517046920959367,0.5688681397099724,-0.6044108698727176,0.463454685484178,-0.0279323170064462,0.553197177999287,1.299425205437158,0.9852571982552748,0.3113254935232421,0.5462145632509909,-0.0146056704146263,0.0290557611461221,0.0593163580805906,-1.1424817807486187,0.0517315489019303,2.0213951292268657,0.019999518982513,0.2372845660539654,0.2403447989212921,0.2829938102263323,1685.19,0
21,0.958174622150832,-0.4757336340893643,0.8111346564855816,-0.2940334493859099,0.0024361636606878,0.1602153952265565,0.3655688657223989,-0.13526216104082,0.7526802648361078,0.6036711752186338,-0.1128139554637322,0.983387425634254,-1.525667342038031,0.9574406642906796,-0.8331656248308164,0.4188073047685092,0.4197401338789054,0.2455818919466527,0.152345183575539,-0.3588872098181854,-0.1755362689547197,-0.4476454393310959,0.0127472533807745,1.1579412485666627,0.4901134149055476,0.5464598511906036,-0.2791598309167931,-0.0924269785320184,4166.77,0
22,0.9629824630971032,-0.5407115823127654,0.03406185413316,-0.8761143273454339,1.28648826036617,2.1076573734482293,0.3185841323366143,0.0261181695554131,0.4289252424087081,0.5879234908697627,-0.631073641671685,0.6531009171320087,0.1125713370032783,1.0005826295461728,1.4411417292698303,0.8806557020272237,0.1931017629896158,0.2894163706146256,-0.021685458298562,0.0204168989957665,-0.1896769817347156,-0.870068637315267,-0.0410272070041151,2.2392153957883787,0.6286370710451539,0.3908896259769966,-0.2933749122034884,-0.0450251063317625,5288.07,0
23,0.0502568215006234,-1.518854976185272,1.3677307835399557,0.3626680053345945,-0.3458068946202652,1.2986798086864784,0.3156462582307134,-0.0811854035508661,1.21629707067914,0.4783878900578185,-1.4810498883333167,1.681387534730334,1.2182521606696597,0.1626049683396239,-1.5905711745151685,0.4175540014219566,0.5987505407762669,-0.095228545135768,-0.9794213952251014,1.1841685594440394,0.0948208808174387,0.3053632677499482,-0.6998336251557702,0.5573024493738775,-0.1371640268430074,2.206766263812035,-0.3392470600361554,0.2640687756922236,19235.59,0
24,1.138734511172221,-0.7149968194790913,0.9327277163254594,-0.9002954015268058,-0.1729565658497751,0.3229198708410209,0.1458359488829458,-0.1559722987987577,0.374012437535993,0.863744718035296,-1.5646092888949852,0.5441363348338303,0.6644023181147675,0.474082579080987,0.5214209042419886,-0.0466216735921047,0.3955760858552548,1.4815000657010469,-0.7599052904165627,-0.6236684466030397,-0.2206180265540516,-0.220175199082682,-0.0808564581278603,-0.0650547155556586,0.3541406152217855,2.316135757889167,-0.2589669855160046,-0.0718579429776271,3307.97,0
25,-0.0787842967028107,-0.065180666453673,1.4219650662660357,0.035074636768859,0.1079038453209659,0.2394388448222486,0.5394625661767674,-0.0647806378734806,-0.1232818275960299,0.4840376081667411,-0.461445206843362,0.8940032570563494,0.4981970523525585,1.1430807793390796,2.291120903385796,0.0065405379059925,0.7604353277506456,0.0663225930026692,0.4414888348127607,-0.0521107019705575,-0.0203692762944147,0.4246798876351584,-0.1345008348721935,1.3467050552284556,0.4936778965901399,-0.0512687349140464,-0.322261181131854,-0.2718956109727798,23736.09,0
26,-0.2295437567598959,-0.5630997695040426,1.2100357467951566,-2.389529932609185,-0.0745388346464409,1.1409038551391653,0.5313272346855525,-0.1850407688464047,0.974914559522833,0.5969172409835065,-0.2589399467687521,0.8635799589104373,-0.128235864165908,0.4290463378424011,2.5246506307826846,-0.7576931135485147,1.0552503903354942,-0.1011022515591395,-1.5107232270968027,-1.1839000590620696,-0.1971258335270266,0.2540473176877705,-0.13010156019057,-1.025554884637663,-0.8950206413788842,-0.0382717772381597,-1.0828538361906368,-0.4429115406469248,20280.44,0
27,-0.3209891544473484,-0.0181024301423025,0.7291010309892821,-0.071806148978583,0.0382581395693884,0.4962067979754386,0.4947849703116282,0.0601136936496821,0.2008525780932298,0.4736259567696537,-1.179391509200971,1.2385649493973176,0.6199943071606692,0.993055041757066,0.0964755726833987,0.0007412046085857,0.7973164852869276,-0.0623041247761359,0.3494275510844279,-0.0816489027533858,-0.098170218928022,0.2084724673136299,0.0719528403102568,0.2558863331349249,0.0109447247071883,-0.4911602647174253,0.2114378693313828,-0.045166886392824,17754.21,0
28,0.9654427928247212,-0.5708667317868337,0.6058222848403895,-0.7018770480994654,0.0688846037152109,0.3575405155424674,0.3220848150810438,-0.1248155403855854,0.7080246303789622,0.6089415935947812,-0.3350459500308119,0.5267165847911808,-1.2521358589587168,1.080734280234997,0.8805167400565815,1.2702494453657098,0.1980461144258574,0.639742112039588,0.281814200542446,-0.1642648554297029,-0.1967604217161112,-0.8470400929442938,0.0050271061322626,-0.8647647106072014,-0.0716796082255245,1.587091235376083,-0.3421571279369064,-0.0946962072046061,3482.96,0
29,1.777046569885645,-0.4591493699343889,0.0700765474023089,-0.5276507040772865,0.3164031545378398,0.0688344983268533,0.4838020710100388,-0.2024559066766942,0.5897895953132077,0.6931307170411828,-0.173529986765559,2.160350097265609,1.116673710942591,0.8507779514079794,-0.8082461193436983,0.5533270069906275,0.2355581598840771,0.0830166823858202,0.2421011408336544,-0.3037667561885191,-0.2033827053143681,-0.5430978592595254,0.2597424214950678,-0.5237319007587388,-0.4881800014204959,0.4453607205098573,-0.3151892328135976,-0.2718926701679878,18449.1,0
30,-0.7482335054654595,0.4664213269947919,-0.1958379161568346,-1.151775280826405,0.0997507251267598,0.1171041368906833,0.5146143555677462,0.0459376521092184,2.693259927998941,1.534587127240237,-1.458790428494533,-0.1774863206889304,2.521781092483673,1.782593373939909,-1.337722674186639,0.4878242424267425,0.5472842207075437,0.1505384932193358,-0.1975080954588879,0.2942085153440275,-0.3626689929598005,-0.6211437063859696,-0.0838291508388348,-1.7126226587049056,-0.7569770620439287,0.0034980159093108,-1.3499999965564218,-2.405035989100265,2628.5,0
31,0.8330863319454553,-1.2704176878601132,0.1671558513126124,-0.3551663828005967,-0.1071897326378179,0.6540150237915173,0.3208358295444382,-0.1366238021679533,2.676384583957188,0.3665633284136046,0.0962720523172309,-0.2086952321862933,0.334259785072378,2.188691928057096,-0.6834056063600218,0.7078968954836429,0.4986054061142478,1.2425172657398396,-0.4383896213993757,0.5194333267643177,0.0397022512858977,0.2301109613097332,-0.2568033558007256,1.4446469099689077,-0.803316834729922,-0.0104334955266916,-0.3702773182423664,-0.0258809792485808,6502.51,0
32,-0.3648600446000011,-0.1143720776433932,1.313714697163154,-2.288388278572814,0.0734276910670917,0.1640734451473224,0.5241146009914233,-0.3661438253141976,0.5377566748723525,1.2816323511897847,-1.3282484742978613,0.1187163413685513,-0.1457409725082082,0.2756770622355318,-0.4633425118707477,1.3808361856476363,0.3922326078018022,-0.3318761237954187,-0.3046374169064774,0.375259461465253,0.1770869223813655,0.0978278121915514,-0.3731589813312777,-0.1966431611405047,1.5969649025940236,-0.2543165287983345,0.4576854617349464,0.3062034859029827,3217.28,0
33,0.2598796276747096,-0.4097579411242052,0.1836810387128313,-1.4999588799141794,0.5882215770205472,0.4360535047058925,0.8226906529348107,-0.1920645222105854,-0.4143472621749305,0.8484920667761272,-0.5369617434159891,0.1517242969603479,-0.7382761925066097,1.0134408587106123,-0.9593497865977824,0.5531882096091886,0.6074449070502604,-0.0944901073687466,1.5652880534391456,0.1308697552892262,0.0801832453172062,1.1709412306936648,-0.285621794957785,0.2124436596613887,0.0202888342194964,0.4527495416851516,-0.1144398494081728,0.2717551118704678,1119.92,0
34,1.2413008537211143,-1.1061934545795056,-0.0714308551923903,-0.7206037217206293,0.0215139624343862,0.2205998788943453,0.4576100603885422,-0.2138987849209792,0.1740373049337832,0.9881844892359636,-0.3974101461443237,1.1560274566904365,0.5543032157029373,0.9707083972978972,-0.2962141602890136,-0.1876931998726421,0.2889049823960973,2.145001912922707,-0.8551416498954457,-0.0943573226443478,-0.0286188855290797,0.3687770786596659,-0.3485416703420972,-0.7392858024957066,0.0894230162842557,-0.0895657513288749,-0.2957694870125683,-0.1219230919810601,21602.1,0
35,-0.0970620274997629,-0.3613384216493379,0.5188831737288225,-0.8605786831962917,0.6247873992982257,-0.2958273992760826,0.8021236765388358,-0.2213467466916416,0.5658778885487364,0.5335929924838682,-1.3289648673979866,0.7956974223731748,0.4813241252912669,0.6684149561057329,-0.4193460014362471,0.44149533122446,0.285424876358277,-0.099011685361069,-0.1699338924416919,-0.4684088228571937,-0.2391898095205759,-0.4894767569422234,0.6321142717401186,-0.1750527789946024,-0.6042348614531675,0.3546351478824714,-0.1044495414755849,-0.0321632995367237,108.21,0
36,0.2586691939629499,-0.5634410807877461,0.325778972674663,-2.183157597040821,1.2130587927901035,2.429571339389913,0.3565136256245887,0.0400380541368249,1.2535183450001062,0.3561372498048519,-0.6294527903615016,0.6874340866318702,0.0036251990159673,0.5400139622458616,1.4545147688535502,0.4364794224135806,0.2617606895023445,0.2454465507468965,0.1139234311236114,-0.0961996433051629,-0.1073978081291253,0.080362324658531,0.2142766479064177,1.5955431546342662,-1.973782710664826,0.7985835303584048,-0.385135275861477,-0.385705242084458,7586.21,0
37,1.9752451572756728,-0.8112967624434219,-0.0374329438555826,-2.309232782971204,-0.0386713693545357,-0.6425369503402975,0.3633513119939758,-0.2762792565604846,1.0926743958830167,0.4359094010608139,-1.0037525002657042,1.6017280751382856,1.425493603134984,0.7495832430988187,1.2514206416080302,-0.5435809746018975,0.4619207977024239,1.5607166485934365,-0.1238377783187025,-0.727319160945094,-0.1051747285564288,0.7503632255010498,-0.0821753224865948,0.242217781315353,0.6247369357642223,-1.3087978208217022,-0.1663010514320304,-0.2198046189763732,16333.23,0
38,1.8248109364415388,-0.4550181257906288,-0.0274352647386328,-0.5266145275177286,0.3781496377609042,-0.001425977298776,0.4935232733521456,-0.211663680871568,0.9043620987874426,0.6005113000661149,-1.1909667160258846,0.7083346547458303,6.843817393561865e-05,1.0174667397751715,0.9927834360361888,0.3504176125848575,0.2894810663312107,0.2818978861414185,-0.4252159297175966,-0.4011335510237759,-0.0104020853226497,0.7358049502826142,0.0058627228756188,1.363136803202418,0.3835653953335257,-0.2935207661819623,-0.2635305543136649,-0.2306614634864155,5447.22,0
39,1.5126949310292586,-0.7270625333260762,-0.14016709508594,-0.6428668659151998,0.4155733706171031,0.4250100164348495,0.5005459478199283,-0.1754936819722328,0.6918299594826871,0.7246805129023111,-0.5644866863274992,0.656422084843275,-0.6107865229032812,1.2088573314593474,0.1246602604214077,0.8809763418614398,0.1617874027595502,0.8292319693356753,0.081089088484,0.0032605125764637,0.0127670005578613,0.3961074479985917,-0.2038777276899799,-0.1293854085991135,0.0292936345044915,1.5784137749019644,-0.3914239264226724,-0.2304418898039306,20782.32,0
40,0.819665515807818,-0.8076596922384189,-0.0302487736231778,0.6543600061961788,0.4776404736213588,0.952957787509526,0.7725235139632973,-0.1631181599694843,-0.162677644077915,1.3155971015550765,-0.5896801774943072,1.070403230509306,0.5016241054639292,0.9603178207222536,-1.7171899931603798,1.301755514690324,0.141378001739845,0.2595242475110175,-1.0526001317836735,0.6035023688599926,-0.0721335752950226,-0.8191149133074183,-0.2018598579964781,0.3523509730435992,-0.4982861535946363,-0.8112529917647319,-0.3915544593159795,-0.0244932103537885,15374.42,0
41,1.588892481527933,-0.2716037081693677,0.2677533664973065,0.5691097141022076,0.4832794430343404,0.5958175159555299,0.4902534068893202,-0.1592962358826208,-0.0713257226999158,1.364206501372316,-1.389416210101697,0.6069330676774553,0.762776030838216,0.8190324259649919,-0.1408534344108535,1.6353837162192857,0.1290916609291852,-0.0753445967260804,-1.5269091056938922,-0.2932506573480559,-0.2785604910448105,-1.2865827910733147,0.5342491378029521,0.9627355366931644,-1.0338396129135796,-1.6896401676629378,-0.2760754279551175,-0.1390616831438331,822.1,0
42,0.6905951262150818,-1.1435106544112563,-0.3695063391796003,0.0022929877910755,0.4021946746992962,-0.0194031052471913,1.2150077247592044,-0.2722563875435561,0.2771440674332635,0.7317056038288875,-0.4526256108882471,0.609384654727926,-1.5307938374693892,1.876129594979396,-0.7971165077473278,0.2214792606990967,0.3038984670652474,0.5834996594851688,-0.3193648561482089,0.7755867155205571,0.1740620500663205,0.6159793298770329,-0.8346782665189958,-0.7136858909990871,0.9237115459623446,-0.5861261347956624,-0.4442658373034205,-0.0577291362269816,14580.98,0
43,1.837062491373524,-0.2485495493794768,-0.4033826378060452,-0.4070794893572351,0.9683251593918264,-0.1860078519863239,0.6962075632120246,-0.215746911477114,0.4160368329191204,0.2837152842426607,0.004807115421827,0.5979028451721967,-0.6424036842956458,-0.053992188908502,-0.683264974081382,0.9623481300433588,1.2270422167489103,1.379019054396507,-0.0813064365592894,-0.2985511044544301,-0.1243637821178991,-0.0443076336936681,-0.1281210831326288,0.2261731025987594,0.6046021646622713,1.4283125685966265,-0.3376095820523009,-0.1690225263641156,6465.8,0
44,2.009689090770424,-0.6869184034456637,-0.0331848708532655,-1.1924692792549731,0.1597178473448167,-0.0692871186447842,0.3170133615579296,-0.2259332069863126,0.1920711041914088,1.034478934784789,-1.190257787614341,0.2700564616195846,0.4479258993457165,0.690792191769864,0.3843796404754846,1.2227112912009757,0.4551265923013916,-0.310635080085616,0.2130918513088525,-0.161177965528433,0.0587455881909841,1.1319117704481758,-0.024490690353234,1.3754348242939396,0.3369922984158325,0.1174825875107887,-0.2862161391496341,-0.2479023908918155,16423.67,0
45,1.8558148850232608,-0.3419059070737141,-0.1684215624877881,-0.5212951493110971,0.6825228169731644,0.1004646294105649,0.554185869154492,-0.2319071374714811,0.7161976963072799,0.3932861627576218,-1.118927874028222,1.2445186963684185,2.1078966408568305,0.2289065869005861,0.905079163780301,0.711005656047546,0.4385049624010551,0.7308098341577179,-0.3459787926471299,-0.188653571527025,-0.037977694658887,0.6280404975963618,-0.1270070365139633,0.0715605461430256,0.6376249582927207,-0.213859951292519,-0.234188411094988,-0.1655673112921917,3809.03,0
46,-0.63505793638416,0.330061483100706,-0.4680100293216222,-1.6511861105140118,0.6825647396968627,2.021288429843181,-0.0090636908188175,0.6710233033588928,0.4212345076985936,0.5678718579073495,-1.254528557230978,1.4294225833662808,0.0607879707360096,2.05454656907355,-0.1265461587899612,0.7417440662502905,0.573419750929832,-0.0878823674110922,-0.5190884588933622,-0.2639480920316251,-0.1673120816231783,-0.7904354811346329,0.4030139056992449,1.4512323141745742,-0.354376874026816,0.3238643161491896,-0.7415713183882748,-0.8297078721774751,7542.14,0
47,1.716544010337188,-0.5507570782403177,0.1376024802500977,-0.313421560737195,0.2627687557384355,0.4575290833984712,0.3986752183436251,-0.1697943742726588,1.2761946103134574,0.5268328182275089,-1.6251832137257525,1.6239087489889164,0.720890849322811,0.4731983404358886,-1.649863952803206,0.0620915889119022,0.5154876737783822,-0.3175030131512287,0.2555098224826564,-0.3186287432345847,-0.2523972676283633,-0.6394554167420837,0.2658126390079351,1.3874903310859854,-0.2370227804955871,0.1764031804123575,-0.271507150921431,-0.2166256302060802,20539.66,0
48,2.10364475044535,-0.99530888491403,0.108809513400475,-1.6378760018835952,-0.0949857665593146,0.4092501250032583,0.053476253872173,-0.1641572060821127,0.0076902748327144,1.4588874515965982,-2.065322600812994,0.0345780490335331,0.1711026598113047,0.4672745691515721,0.0418660101534457,0.3573014543604095,0.5077162614599202,0.5531961413872679,-0.1640639103168367,-0.6071717858800805,-0.185740611360422,-0.1363097496936167,0.2012584339488231,0.1313648938885566,-0.3850479835734071,-0.380960743959293,-0.2169828796030294,-0.2116736282521728,13308.77,0
49,-0.3886433344658146,-0.3760965129428922,0.9432783028683674,-0.8177561221816734,-0.2188457156774894,0.9949330144489852,0.9958680348986912,-0.0930433454264857,0.3568003122746124,0.2319690022068025,-0.3800197336731787,0.9974314156838716,0.2569276909068173,0.8878485763997029,0.5264317404619238,0.8997265023283524,0.2300848007332871,1.203259193662719,0.1980875662616187,-0.5604737391781713,-0.0260655325911371,0.6415317279577453,-0.6698827576465346,-0.6600479546806624,0.8685795261442443,-0.0820485590474287,-0.2026432721295827,-0.7620831152179547,13638.28,0
50,0.1298843052446258,-0.3528897358499642,1.5807006284030647,-0.5183829856446224,0.0730846477027816,0.6621376030839061,0.3568845639219831,-0.090620336077419,1.439786014251559,0.105019325584605,-1.650513578074721,1.2371281153900708,0.8230250489823954,-0.1659303295963324,-1.8050732170587485,0.3192243086394223,0.9391087582195452,0.3833989873400644,0.2073950585384122,-0.1401021248825083,-0.1158215525433931,0.3874328410964849,0.0333613591164742,-3.96989748032855e-06,-1.822779303134449,1.0901813528470876,0.095412880267789,0.5382772213083503,9137.25,0
51,-0.208403387927039,-0.7938613938317627,0.5409344910772678,-1.6313216055265398,-0.2734509007856705,0.7976438427204181,0.9555695271727294,-0.0714541550061026,-0.2033191976698905,0.3624395128310997,-0.5274196174652293,0.8396694951303213,0.9148387899343516,0.5937292336153261,-1.680584345007212,1.6844839113394157,0.4207151322663099,-0.1805758960587082,0.6813967286167334,0.7759092269388236,-0.0133190761318478,-0.2770668382593669,1.1905096044852046,-0.9515468899019068,-0.940675159651022,-1.6823254185595893,-0.3461775873538357,0.2425307235149721,17756.74,0
52,1.566900991418446,-0.92008167664787,0.3986685925026744,-0.7564755870567431,-0.1968299755280953,0.2817913342651403,0.1568001867227642,-0.1605430869306073,0.6762662178719688,0.8530092784650568,-1.0854832321069108,1.031932408888093,0.9832397311467088,0.5173682233166857,0.6888766707732051,-0.1056540683873596,0.362515052768577,1.3758905716449925,-1.205158556613721,-0.4909203241925411,-0.2297950011050447,-0.5297752216215392,0.3603250835226008,2.4737914667830663,-1.0420771848581278,-1.022853054797518,-0.1955739243935094,-0.0812334256481785,19339.26,0
53,0.2088883573381818,-0.1789395444453524,0.173696571668127,-1.0533106687357054,0.5659167251521651,0.4145616236401738,0.6362591811845313,-0.0494012631191699,0.3901229082626274,0.3229925023783668,-0.6591243440696446,1.1958511316408442,-0.1519569605059559,1.1971307683896375,-1.0367647430095164,0.6159579940932844,0.2158080155258071,0.5228621837154751,0.1646337690087734,-0.4509905135981933,-0.1348218307687283,-0.3635017912959037,0.1957106447644725,0.1115402169059235,-1.3389650869394552,-1.9828439861706617,-0.250117066921882,-0.0183992351352706,15692.73,0
54,1.808014784129994,-0.4319391861621756,-0.1294804057517342,-0.5575018716099213,0.5896373455663161,0.4060260152005147,0.4361083936569455,-0.1491679719836699,0.7349791227257122,0.5178513749115284,-0.3342918705765564,0.8275081374332661,-0.5012715685820001,0.447097710770663,-0.3953557979592902,0.9592573448078492,0.4687865634739266,0.5964866469000816,0.2156407864138996,-0.3426706805413815,-0.2492558666447656,-0.8906235521075853,0.2477445768318387,-0.3798000298219223,-0.4673297487239466,0.4590823075482739,-0.314632962609835,-0.2192328370904816,1873.62,0
55,-0.1489781611769159,-0.1814693090207083,1.4674109399386064,-0.6072294436382484,0.6478129129094883,0.1136779301261685,0.8685261710849409,-0.166333819676214,0.3198485812705255,0.2430676035308442,-1.7139574734864351,0.5576777837540314,-0.4410447304344879,0.6962885294377844,-1.237393504761228,0.2566880747857983,0.3344349020635673,0.1486318965508103,-0.9624787644215128,-0.3286387959522379,-0.052616383950548,0.3739441148682313,-0.5971293301220542,0.0239403962634418,1.9566524119082935,-1.021572905058907,-0.2103642707316091,0.0180775960834607,16692.09,0
56,-0.3596968324671808,-0.817095387169922,-0.0060921180561615,-0.5967977849982392,1.7735701883487265,-0.5310287678164517,0.5546445304941385,-0.1229761756161879,0.1364384942960285,0.3072825487596122,-2.042317971987813,1.083454366673582,1.269813429360867,1.2230292550634878,-0.4703284925239416,0.0749474246525493,0.3805833888060924,0.2592199351736737,0.4032793769612042,0.3919401515823624,0.0858680225209322,0.6038162499347732,-0.2872947810518484,0.2974832153467047,-0.0945839113465837,-0.3216525992390522,-0.1390683344207816,-0.5610919913163303,3110.97,0
57,-1.5704854751430917,1.194220845302331,-1.406692647917692,1.7605573252910924,-1.6378506561280808,-1.7663170777333823,-1.8134803409487097,1.7587832290860954,-2.2778076069321425,-1.8784190178977411,1.4734936197562098,-1.6188573647478317,1.2743431061639798,-1.5622681585531766,1.074437689114513,-1.91648200030483,-2.156953963143216,-2.1006197981595496,2.229604456860123,-0.436162845034132,0.8776186386137987,0.2223429148535325,-1.313802487111513,1.2953824071797608,0.0018239485313883,0.7375549795776903,-0.4206767630445097,-0.7946297288290068,9270.07,1
58,-0.4387385345818462,0.0601869354592318,-0.406489064755766,-0.413877926081284,-0.1177665233124167,-0.988729469601218,-0.1349918184176552,-0.090901937988363,0.3764979849282566,-0.5202525047405013,0.4417933175775789,-0.6315821533928571,-1.0510769653529568,-0.7447660437651044,1.690861618801237,-0.6532434340352071,-0.5032541761521755,-0.5584901564559843,-0.0352246285288177,-0.4144085700167283,0.0728289694081769,-0.3965692116447944,-0.6179119625108777,0.1133424617289439,-0.0869287034981654,-1.5311974264751085,-0.5362910145023541,0.2194156772754925,13298.82,1
59,-0.6339729976726376,0.3617031661958115,-0.686396904187974,0.8275504969019316,-0.3973708066721484,-0.2190434406374894,-0.3534810686849241,-0.0708212319819525,-0.4050503777542974,-0.1856087421113578,0.426512199483112,-0.8679496477946829,-0.304252972773707,-0.8466334154692575,0.0869769683726714,-0.8865608397085731,-0.9176189428101962,-0.9773853448206368,0.2036931638321034,-0.7570304791983637,0.3824181704983676,0.1602555442134875,0.483187761505411,1.4546793818200658,-0.9058261451911565,-0.0809164713442665,-1.2439840688700958,1.8215620358613067,16570.76,1
60,-0.2152140538936245,-0.0531380751537994,0.6585625057870853,-0.2666624834789971,0.6547933698073095,0.2749444103827241,0.3748250528172447,-0.4407962605176986,0.2611332338019153,0.4584970974377667,-0.186994544563392,0.3230771702206838,-1.3181340755827924,0.3320588401918113,1.5737319230019056,0.5033465812833852,1.0290168596220943,0.8174904880325422,0.0594756339347838,-0.683493679133829,0.4063823281749926,-0.4365055145507341,-0.1840521139238605,-0.4675834576121054,-0.1199647082059524,0.2907526926088706,0.060329254242773,0.0830109186070317,8325.12,1
61,-1.6519045911902146,1.608896829455585,-1.8078994405615136,1.4321384898437624,-1.8323956959104435,-2.1925983044948243,-2.007344982615034,0.7497886887696548,-1.2882643633077695,-2.314740648099132,1.6866474106588123,-1.819341561744021,-0.1410758871149246,-1.6712389929749516,-1.4815764030883434,-1.8750141729610403,-1.7430839569383478,-1.6732426563038043,1.435730054400428,-0.0624830782104088,0.2092220329920515,1.246698662545246,-0.7674730940364649,0.817159704128866,-1.7988263752695866,-0.9735777095272512,-1.1111085166481416,0.0463216321263281,18312.1,1
62,-0.6220048246780405,0.4277860965824544,-0.9162684898034116,1.0185630533026246,-0.6111798738813804,0.0424443970269297,-0.7846609855499432,0.5580366504860442,-0.963665396842139,-0.6921489734177622,0.7838605824225856,-0.902513312527256,0.2788893471409795,-0.8308922902229556,-0.2882934568946506,-1.260754238558083,-1.1410761672419267,-1.3429117522945735,0.9914672447773244,-0.2984758800776002,0.3811067945539625,0.6673618376396065,-0.0927270122673283,-0.4249379671691952,0.0059453066922643,0.5359649779863621,-0.5519574059858058,-1.3850828235553951,4913.02,1
63,-1.010563418660044,0.7768136363166439,-1.0908950150934045,1.668690074613875,-1.1773237833753756,-1.455811591189668,-1.4895581978195795,0.7918516839434993,-1.9147350939998555,-1.7071543210885547,1.711569205596216,-1.722798633580906,0.6523453848668398,-1.7953392817901757,1.167292605632837,-2.0275957669142417,-2.281047691117643,-2.1334823552530717,2.087857606075744,0.8874816374662823,0.7611410479047773,0.7721592550966341,-0.5430771025743006,1.109790459654718,-0.9573351023899672,0.7598948909220458,2.981176362206468,1.001288880060973,5947.25,1
64,-0.5609705183530793,0.5637142470469574,-0.2647061162683838,0.6280422607015607,-0.1569263059589797,1.433750284587518,-0.8365826514517591,-1.579567956658548,0.0253049678827598,-0.677664403189071,0.4077168217990407,-0.8664920643027471,1.3429513393328618,-0.4003090040876059,-1.2671151068331885,-0.3749301467080727,-0.3451027762159738,0.1879847822778512,0.0932038069865349,1.952368563441079,-1.4336147408060096,1.7346795185894373,0.3401029023868269,-0.7789446688435907,-0.4455698107280668,0.397963763979349,-0.0144577218744021,0.1920147466433622,7728.73,1
65,-1.7751394031673675,1.472393764279312,-1.82718844243474,1.6998437546155856,-2.179383141265381,-2.0904528672422145,-1.9664409729912928,2.475137591851476,-1.95523694404918,-2.029560833935929,1.3684469584949268,-1.6244617045211482,1.4724073032041027,-1.345051776008238,-0.0600222612553212,-1.8222036000703603,-2.005902275326806,-2.0125412542233376,1.7287272530329478,-1.8584168884422871,1.0114293345844736,0.3889479777366383,-0.9745117692171804,1.3863182626949209,-0.336907756956521,0.1980878915396161,-2.2900770883658765,-2.52697988680515,21319.34,1
66,-0.9575887345451648,1.0718163025647656,-1.092570144296931,1.4626298947271292,-0.8743675021999963,-0.5095605378986109,-0.910303818075604,0.787683640485154,-1.331893556216359,-1.0702936678501584,1.348697153763182,-1.3036423438770015,2.466806206385241,-1.2283381563140463,-0.2277307920875826,-1.119100014589552,-1.1596808810974044,-0.9537282789479162,1.0322547497084649,-0.1076488520776436,0.3358719125375365,-0.1681028165736517,0.2373608187060847,-0.7263843364571635,-0.3727129019349937,0.4253151208732675,-0.3764260888877132,-1.2914925304208116,10696.11,1
67,0.8785023577969309,0.3844972239262525,-0.5048031644820357,0.8586878935795861,1.9499434704014256,-0.6371635904566418,1.1661586822936223,-0.2486622437581143,-0.6411310181460654,-0.0574625756365122,0.2245536669078429,-0.2672160956148993,-1.473748821087182,-0.9492421018234772,0.5623998473189437,2.837331959933603,4.458324470079188,2.8290888201984488,-3.101335063582553,-0.2394001420739104,-0.1457703940131108,-0.4803195302195459,-0.5318976193638979,-1.084023409230881,2.1072127708713104,1.10056922849924,-0.1928278205807373,0.354344992341478,5985.36,1
68,0.7240753621208225,0.7118283017504375,-0.9446881251849508,1.451221865834531,0.7965567198949589,-1.3778224296102848,0.0706666110860261,-0.0757754316266514,-0.5646329984841664,-0.5389381984672663,1.0800265650938137,-1.118391522976699,1.6903560730464606,-1.2233481817049747,-0.2191140013222167,-0.0672736453473998,1.0981949964282278,1.4694120473425738,-0.6059792096012624,0.3570938463793649,0.0172318334329407,-0.0458693543337361,0.1080443831445552,-0.6760648685682081,-1.1270918059442616,1.0061551892058218,0.5481698665879677,0.3416173047947385,5254.42,1
69,-0.4884398892400428,0.7801778043631041,-1.1779958128776744,0.8907113362072184,-1.046229692047323,-1.887983830569529,-1.345265666746807,0.4869219374696029,-1.1464100641018584,-1.9031473040988365,2.078367778976172,-1.747597965966965,0.2001628705788648,-1.898053135579661,1.55383982564491,-2.0845825743146515,-2.1394414801772146,-2.0479043740178096,2.097483883954497,1.3499398624222805,0.6048535332483341,-0.0532259492368157,-0.024327519843884,-0.0104843400518634,0.688912803599628,-0.506328604385874,2.927921707123545,2.219754181147074,20831.25,1
70,0.3441335755015837,0.5043087873634092,-0.5313192587757302,0.8069337957808547,2.0600669923809134,-0.6131207522001304,0.6521941651935971,-0.6552797223109944,-0.6690256156558724,-0.0816297842891819,0.3529394028270318,-0.1696353644265672,-1.7240383330181583,-0.9187115983281676,-0.2382433998956245,3.513032701475466,4.250371097384829,3.652091050644876,-2.9764100308603125,-0.0604854223342667,-0.1669190371753475,-0.4255502648022533,-0.6590458242982591,-1.115474470185835,0.1211266956198902,0.5679809358498428,-0.0628790621512071,0.5867363445671481,15369.14,1
71,1.613462296759619,0.0437965740793014,-0.2726745445016232,0.7652528008530016,1.0321162448071983,-0.1543632238219193,0.739568328017543,-0.1962882394954045,-0.3290046170131753,0.5397515388864351,0.2536257936075426,0.4765632397264686,-0.2007666530173422,-0.4146866373304047,-1.3902789973885947,2.432699686377941,1.6662510020643373,1.7599577970335367,-1.851423275746052,-0.3354326583453524,-0.1980689303645141,-0.5718631705228021,0.0509284579608132,-0.5589040966091311,0.0755087099202134,-0.1511415052670321,-0.2488589315757794,-0.0261525222973653,2660.19,1
72,-0.3086160267703016,0.6242671107030847,-0.8952610788449762,1.41921093627546,-0.1800019840778076,-0.5456363362035652,-0.7094344109696749,0.1941539631155273,-0.6400038842795314,-1.0027325119197217,1.5611041127249543,-1.4194649573863802,1.9075539935416388,-1.4558514880250375,-3.1045545680450366,-1.210651129824845,-1.1819500625453347,-1.000599952650087,-0.2554734455305075,0.4457508354970056,0.2777961092762335,0.1909343462510007,-0.1651663542805545,-0.8855768247172131,-0.9239852984301562,0.0941436300103408,0.2905284341852195,-0.6200504119006426,14724.18,1
73,-2.217001648043305,2.5982875574245803,-2.1614091209910367,1.2102483963214907,-2.630824145856132,-2.510715439046201,-2.0812803949252205,4.05530264097389,-1.167844820803441,-1.3032477884336262,1.2434858061625471,-1.1232918067664766,0.5045392614799254,-1.0483535192745137,-0.0649144611973644,-1.299830325245434,-1.483988488610842,-1.4632530066876743,0.6976739188582443,1.387737145785566,0.5556985954280675,-1.3503264144000264,-0.9145064624363092,0.2945302443538419,2.4845833192468803,-0.5185120694255155,1.9820236737499488,1.0024487835184803,20338.27,1
74,-1.850731944605672,1.6735173815447033,-2.0825094190805054,2.3525352089857634,-1.616677693222089,-1.0075355494620524,-2.06559091303964,-0.0279748921085136,-1.9286101326297775,-1.9178668336037872,2.156968327170714,-1.7224455395578055,0.8068432454018997,-1.684093574118947,-0.3962760616525193,-1.5077486844844274,-1.3883891107529662,-1.4395393065380284,0.3509673529336947,0.8129024542255352,-1.1343995676728342,1.0036200946102272,1.144460680040988,-1.693542314954522,-0.370524178641904,1.3536615807260763,3.062144866322404,-3.5399010432989764,14059.66,1
75,-0.2643329484591594,0.0315046537659593,-0.198424708941766,0.3403883542506207,-0.3381930449958181,0.2056648883539599,0.0225030844152294,0.028960895290122,-0.5464779936332113,-0.3986988206735278,0.6234932857993388,-0.5071457577541141,-0.5076620026245464,-0.4483535342115978,1.0457969246473695,-0.56044830097994,-0.5338890678555518,-0.0811780388987505,1.3983038741057954,0.7974959936986313,0.0998879054217842,-0.1754087040788622,0.4971107904160677,-0.4376304785271217,-0.3147570095750854,-0.7475631742977901,0.3092446909816221,0.481527136703176,16246.67,1
76,0.4738212895799975,-0.1141503040573778,0.2643846595535833,0.4844192984489455,0.378799924030115,0.9886029215443344,0.2107390078390494,-0.1076220861366621,0.1577712883042004,0.7374902428674496,0.0918695055172074,0.1626514869195164,0.0337169890976008,-0.2829207222637701,-0.8508316399686134,0.5678573805347497,0.1269058539400913,0.4129933182477583,-0.796346965495778,-0.0470964433224836,-0.0409366205035525,0.2452004272569271,-0.0119594539259151,-0.3222303842685779,-0.5326294478076312,0.8784088502241802,-0.6184144151653086,-0.4452458469627033,18528.41,1
77,-1.5443845723097185,1.2869735656033643,-1.6021811203469978,1.4050657383580771,-1.730846525908809,-2.260148190227012,-1.9181286032125464,1.1688378062963076,-1.6045978504210785,-2.0346607965788968,1.598965206396624,-1.7711181692934577,0.5723568289173543,-1.403942073452424,0.0508442520881554,-1.9314816677218836,-2.070204953578201,-2.008715555227885,1.7365312427660708,-0.29251068745725,0.593241635760603,0.8434981854932817,-0.6486777690252941,1.3133028298716642,-1.847207397022226,-0.5386989269888983,-0.9416405635524436,-0.2930076065814731,6108.33,1
78,-1.124390464295056,-0.4164992983483339,-0.4042306618024211,0.1870942065751618,1.392989137395323,1.190959109138525,-0.8104627664190996,-2.62496680903086,0.9284698622067216,0.4169614379131137,-0.2556907616442421,1.2587252124508923,-1.3462264260043586,0.0494550597291937,0.2646375055488038,1.064126909796431,1.7845537163091665,1.7844662733492842,1.398838002307746,-0.8114760955255165,-2.168230371042617,1.700945668056722,1.6028905339168704,-0.0321007092153858,0.1933288811680546,1.9505116516109544,1.2385174628838522,0.0826407922887747,5723.15,1
79,-1.3957026916622972,1.4206855303066337,-1.4332261309200658,0.7471532732207128,-1.4023234414530523,-1.728010744920076,-1.106008985447576,1.633771661737649,-0.6276260392925865,-0.8913946180144803,0.536131173336501,-0.9500063171810156,-0.5345042694280387,-0.949305492440184,1.068056019264093,-0.8623905539990384,-0.83439478331617,-0.7993248887198271,0.2707497355867897,0.6538083926677888,0.2533650961126604,-0.7599234379997959,-0.0831622092288905,-0.0455919663069738,0.8000832349565983,-0.6155306576450873,1.3373290880839066,0.4478314259985667,11881.44,1
80,-1.8524873713239296,1.591914571444131,-2.003594595719317,2.298629398800619,-1.4962693576861437,-0.948226644303606,-2.008079571487124,-0.1516302514498178,-2.029917932266163,-1.9696644854116845,2.182898394135861,-1.746063547106012,0.6490116983720848,-1.7094854080734072,-0.402261871460365,-1.524108013784882,-1.408899495202634,-1.4476641223751363,0.3253586012965054,0.8593192176970814,-1.151360335091742,0.8609485653189972,0.4932471792617701,-1.657565268644094,0.4177314587676052,1.4809201027454837,3.1505229157704067,-3.3068320477912185,2663.34,1
81,-0.9951116278477632,0.5756644847856128,-0.6431451896208517,-0.0254719308888708,-0.4664179797237905,0.7412190389765806,-0.4185996007323139,-1.0956982987410575,0.2636666585228122,-0.6426547200284926,0.764969404510184,-0.8689692254832108,0.8462225019311218,-0.645315783275565,-0.4293552032042816,-0.6478405845656926,-0.5659827719856074,-0.2338892252381015,0.5890867278264202,-2.417537838268158,1.9480408107005744,-1.5869267580210693,0.3635335205319778,0.0099939423954134,0.5358585229401401,-1.0238522922293063,0.3305316975947372,1.100079692882289,18426.28,1
82,-1.7825034484121265,1.4901650336036976,-2.033972957921557,2.359602021590263,-1.5092683266212783,-0.931081150882928,-1.9951345966749092,-0.2122503514508243,-1.9411738024251064,-1.9379712333389312,2.1976792248776484,-1.7453911175591938,0.6926485288829433,-1.724034341400188,-0.3504910363987785,-1.533913590372428,-1.4175637056512969,-1.44810385627624,0.400082262510434,0.8216668611260578,-1.1385998325966062,1.06368346158898,1.0471097066079762,-1.6844172445599177,-0.5817791669143696,1.3272703153310044,3.100739328529458,-3.5135725705392065,2320.28,1
83,-0.8831748695927536,0.0878839655077176,-0.3721437631361604,0.2844571042890485,-0.1776865431039081,-0.6083380738018659,-0.4000103278929604,-0.1773139908252325,0.2447084777626365,-0.6537291743041788,1.0519374083719066,-1.3803630559547364,0.2428299867211262,-0.9337808932847472,0.0880491693997025,-1.325579624072037,-1.3494281736207132,-1.4146448646441636,0.0358675591879113,-0.4714921771547318,0.1848472206088957,0.1009324366045887,-0.3428549096865733,0.1937417238723459,0.2814441795257475,-1.3115892318172249,-1.228728009587961,2.152207812862057,9058.54,1
84,-0.9469587529767822,0.8010974282491526,-1.133529254371876,1.1703313633499175,-1.126240784376818,-2.055863364791687,-1.412549865016524,0.6768665861308092,-1.54716687333874,-1.912726825309298,1.9046451785202685,-1.7927958331333491,0.2378052046852114,-1.863954564985804,1.575158886736904,-2.0601061283504367,-2.18193184194231,-2.062499606689291,2.377537861910609,1.0752139928334643,0.6539027409826154,-0.0096171660313724,-0.0749626104923972,0.8497031131164169,0.0772603297064369,0.6837487867142547,2.570201001753448,1.2283202654107896,19104.21,1
85,-0.5070420940120454,-0.0152477096314143,-0.1769423811355916,-0.2729106402008626,0.1446989791689255,0.9571919399415486,-0.4103501313425109,-0.6524132520601849,0.8172636133660213,-0.5740451515746441,0.3251188015054316,-0.780562010379672,0.412440736396024,-0.2646878937460203,-1.8733398569235504,-0.5986711373799489,-0.4853015036770536,-0.2040051167229082,0.1531190202754894,0.2444638507259557,-0.1582843711971946,0.9828145339513642,-0.3050746807246696,-0.5890349465099911,0.4481361631772312,0.2148173514098976,0.3251661655580846,-0.3670448366548429,8478.84,1
86,-0.0767696825519462,0.1262267693671209,-0.6986876857337598,0.4777376430694042,-0.4257503331836618,0.059446371482567,0.5646099039236072,-0.0399638748152242,0.3575082164101055,-0.4134348452213646,0.2560032937331083,-0.7338570392131517,2.3225562732774945,-0.2599704867585441,-0.6966953266614876,-0.0294632621566275,0.2248948404078954,0.2429466540681987,-0.5663324725243346,-0.339309765600439,-0.0083045383553657,-0.1768957763317714,0.0480252416397726,-0.6057325353375266,-1.428774565535906,-1.3270476351039482,-0.1082155421012315,-0.2021855520164198,21497.24,1
87,0.0226162852826991,0.8480672673008227,-0.9732631762148568,1.52130422749675,0.3678809141481144,-1.1589632145597326,-0.2721092421426302,0.0953074806816484,-1.3898495501203785,-0.8654364610014935,1.0755483056764723,-1.1042655199633484,-0.0059326435734265,-1.5975352406675296,1.137692663409821,-0.5725821352583452,-0.2101630057336997,0.3016303486816331,0.4390349822627537,0.6545984983014631,0.1334125927289403,-0.4364505100199509,-0.1011244717557571,-1.3432576470360953,-0.5011611366644793,1.079948080345974,0.7781808779160232,0.6983378528757123,15899.12,1
88,-0.7635548260277019,0.1387384852681977,-0.2486950304952687,-0.8123103190108717,-0.0821881689200063,-0.5777981537189318,-0.1460022728479612,-0.207438712345706,0.5819536479828369,-0.4836571222613992,0.4148691559454757,-0.4991518844495079,-0.9677219376878684,-0.6544308860977881,1.4897167617022435,-0.637023587973222,-0.4297594066527916,-0.4457626414242118,0.0007581841356483,-0.6854969066295831,0.069698703961896,-0.0035442827848663,-0.9199945423876168,0.3195155625545864,-0.0102568996234643,-2.3303789998509643,-0.975025460486652,-0.0859087430008101,13442.71,1
89,0.2086896660849353,-0.1835733235926943,0.3499842804800513,-0.5122658182300176,0.6395004216304636,0.2340074971097959,0.6004407845807552,-0.1343061025763325,0.3307695460579479,0.5064741087808057,-0.0009252897251764,0.7646743248685581,-0.5946711568095204,0.394263198681554,-0.0129852777263208,0.516158180783199,0.7012119041052362,0.6375626433703627,0.5205028463957118,-0.117847250601724,-0.1939689258847314,-0.5321348862032588,0.0564521950265559,0.895627438393489,-0.8103562116536589,0.4144108554269753,-0.157255527976573,-0.0741204003816861,2047.92,1
90,-1.9919273539038849,2.510884215349989,-1.9542038034475493,2.2121284751528143,-2.423474102597213,0.249026709920467,-2.8087763205664245,-1.0754621665188129,-2.5606862563467034,-2.1705709483155515,0.9946926307885005,-1.6212094995082196,-0.0376052739592734,-0.367421761564737,-2.0785260757953234,-1.80904479224076,-1.9571717995557771,-2.2012073211237704,1.6613247870900614,1.6810115715846845,-2.08824195134847,2.4203281568554496,2.2155555372530653,1.3439983695059603,-1.7651254595084993,-0.1625795519100343,-3.1675126397848308,-2.049584748820412,19283.23,1
91,-0.2972911202797706,0.2212787984468844,0.0037804887682569,0.0434709102031399,-0.0110043853470073,-0.208263554537554,-0.0664499568566374,-0.2400510468963465,-0.2288124703225977,-0.2423371642971132,0.7383049426414049,-0.5256710859682474,-0.951825262851294,-0.5742658192826805,0.2282176654246901,-0.5381019007841186,-0.607140740300393,-0.197702403594073,0.324712104674891,0.0504744296684977,0.3775465945875906,0.0055612560716298,-0.1196334877462621,0.3017231495881745,-0.1596987256991762,-1.0749501502033756,-0.0539461968417703,-0.4681985811559521,2579.59,1
92,0.0747029971360394,0.7550134387520685,-0.8366290401096824,1.311603701184754,0.545525472444172,-1.7054626341978565,-0.0520316089936158,-0.070508028490866,-0.8205391533709613,-0.924963147488574,1.3346354542572183,-1.356575759590782,-0.2244163232135756,-1.3650748298695567,-0.8266070426274849,-0.3632461054063988,0.0893567665961663,0.4107189698946662,-1.9698001374608816,0.316417437497407,0.0565835311156519,-0.5633566974803315,-0.5368525229895796,0.1892564174694193,2.3975725595687587,1.063026896538817,0.6624546343178225,1.0770819298664671,16557.99,1
93,-0.3614411126813612,-0.4316300200609846,-0.4277102530542236,0.8806548123469102,-0.7023757642198788,1.0307776453183324,1.2091076545004318,-0.062185542626894,-0.9963481824033796,-0.1064485722226599,0.5371191225977183,-0.4390761768894582,-0.0039623924452,-0.1694304973059553,-0.3723206184196969,-0.5948140036384911,-0.518120559381343,-0.449237530216132,1.0419768657434814,1.653357750348004,0.2482846472909452,0.1092238159023957,1.9166449738763192,0.0045130936319996,0.443827554211552,1.1418086566391514,-0.2006704774856154,-0.2701719463420944,9196.97,1
94,-0.9817809078784242,0.1419969600376126,-0.6820218958344791,0.1446745882265602,-0.6520439231454368,0.0303951225061119,-0.1167133206587852,0.1713565360657597,-0.6772394867524227,-0.1058473942028208,0.0537634193829331,-0.4914488781023675,-1.0792051492281949,0.1235596384312043,-1.0259490517342684,-0.1617527652219673,-0.6642126523779335,-0.772905448158303,-0.0331927309887186,-2.205597027422705,0.269844410265279,-0.5334285787623776,0.6971549403760257,0.2205754412260361,-0.3160132794980922,2.8190250206319,-1.5327827754803252,-0.2168803732274618,19099.0,1
95,-0.2627648196580761,0.2296889946926901,-0.0467097903947002,0.0436292340822821,-0.1097167893897693,-0.368223186715409,-0.0847175906525384,-0.0781434106494325,-0.3734837523328563,-0.3647454312583215,0.568192626871002,-0.5017394189000955,-0.4459439914520949,-0.5197307402787998,0.7070585280702955,-0.6189754391420896,-0.5282649753679189,-0.5255245420030991,0.2000289176730538,0.0320451116463436,0.248096150350296,0.0832752136332764,-0.0396038472075178,0.6814861540592669,-0.3427881056606039,-0.0181806840323257,0.0455831026676303,-0.0185070263243918,6343.78,1
96,-0.9706078201554476,0.5318456325995213,-0.686844593133857,0.0146577371212503,-0.3933884901821316,-0.7012586520696352,-0.4008485027016555,-0.2063205083308489,-0.0450764191585517,-0.5744287872926518,0.748908364084945,-0.9590961610616258,-0.303729687475439,-1.1694670516778307,0.9496631636754744,-0.866564441145824,-0.9233054444131056,-0.8404423388923541,-0.0456437028193765,-0.5938202854694895,0.5333272124256164,-0.3048584838742817,0.0412199268112199,1.177840005933666,-0.0706038489386439,0.4182994444683988,-1.5592963401360855,1.4442796438423215,14394.64,1
97,-1.2243265425679233,0.9780571480544328,-1.077370729057993,1.5538443208285175,-1.4404147611875584,-1.1649775560927735,-1.576404207599285,1.13151536987897,-2.054169307817242,-1.7387306789756063,1.5626051903918248,-1.6780855976077462,0.9203336127264978,-1.6062007005454395,1.295492931532121,-2.0389473363328032,-2.3202531702073537,-2.2162744062865003,2.429703460551352,0.5532829020361894,0.8089251942266135,0.704735575225806,0.0119288578995325,1.292541118077604,0.4122933905581757,0.991234639194198,1.4202192059366376,0.4524974350625865,3085.03,1
98,1.5921081839540854,-0.1080599729823251,-0.0832957725441393,0.8246343772161877,0.6118989846094741,0.2730392597735448,0.4173040363065983,-0.1329176552801668,0.3302016285121773,0.472316414923156,-1.063033249134261,0.0071401098813152,-1.3539336347825817,-0.4771057505334669,-1.211305819434833,2.1060719801317758,1.7825345847042904,1.600157565393643,-2.08162974358721,-0.4427895451034563,-0.1466709187042989,-0.088757842199297,-0.0049821302024297,-0.6062225559012869,0.0308343112134459,0.3846096730944112,-0.1908645495981985,-0.0036062763219525,5038.97,1
99,-0.2411567751545095,-0.4115856595137033,-0.2642101232446114,0.2988733377215152,2.876976604127752,-1.514741138970501,0.4101729076809361,-0.1538026655203856,0.0175158573711909,-0.1888362822799761,0.4908296325660745,0.3227054714828293,-0.5836388589764853,-0.8306378588761653,-0.1311088270096071,1.5257722284398252,3.659632865959752,3.746984261885057,-0.3042258990330642,0.5006310315572925,-0.1315665874165274,-0.5786609130427531,0.0204534608382435,-1.0879100807694766,0.5174394301055761,-0.8480469367742732,-0.2142056582668423,0.2431787629429538,3439.6,1
100,-0.2035932193761769,-0.6246831210524486,0.5429461362788168,-0.2724201403911612,0.0560184840938273,0.34598805547339,0.8027938149964489,-0.0936917872608691,0.1433736462934525,0.1819305860272403,0.0634723777387505,0.348629718091296,-1.0977485428556242,0.5459651647686894,0.4681869595032031,0.344216078831769,0.1981206363809053,0.4109636757903689,-0.7553516356873298,0.5521186792455839,0.0638878505188245,0.1339876168687434,0.9028746783456724,0.5316671214424038,0.0012883891529226,-1.185262519778851,-0.3152892273792112,-0.0408798343048533,6998.86,1
101,0.2132092546918575,-0.1156684778527873,1.5036817927462658,0.1764120454037103,0.3127843487038264,0.398535382829347,0.4950703785276945,-0.1403571812012891,0.940166616091242,0.4785776552281228,-0.2464131154778013,-0.3814856691531909,1.1135129302992797,1.3375739642798203,-0.6634007590313029,0.8902099916010259,0.749028410183633,0.2632087430427634,-2.331835209659055,-0.4895685164198317,-0.1130228992869703,0.0994227383847237,-0.0361476411194797,0.5793548871540953,-0.3128237364030973,-0.2934396763673414,-0.3109513656449335,0.0063650523368512,23406.84,1
102,-2.616417550998806,3.3281518053306884,-2.4997999311532357,1.2830523455155711,-3.265871074837173,-2.888448678163704,-2.459494637881396,5.850634757793293,-1.0560659882227,-1.1643059057830885,0.8618291122742634,-0.8363793839418293,1.4827524111048456,-0.5853530635975247,-0.1926361745539989,-1.0386210067590014,-1.28290756229078,-1.4035697367288538,0.2820563254893833,1.4985395613241483,0.5747774731109216,-1.89150247694103,-1.3670850782652315,0.3899454266836785,3.7640921172723862,-0.4844881288442034,1.5028322118820316,0.7737470217289382,20491.73,1
103,-0.7471872817077431,0.2494909501943974,-0.612824160132065,0.0533242995279798,-0.0470756690542265,-0.6319111871656392,-0.3445355948403468,0.1440340006671471,-0.3706539352891538,-0.6385525214101734,0.7942633998172575,-0.6364710276792807,0.8167120970097609,-1.0006230700579608,-1.374581321237312,-0.8537360570859631,-0.7811732310967536,-0.5609581850421209,0.9633876332695228,0.1081984402566565,0.2243876687563328,0.6499698405502007,-0.3962431946518122,-0.7700085789667489,-0.3917649270564477,1.1604211894104617,-0.54318697704594,0.1867854164742864,22826.06,1
104,-1.550498936921197,1.5775847366414626,-1.5442246415041698,0.7688115717372614,-1.5760502983862985,-1.8328820632680665,-1.2188249616144378,1.967636915841083,-0.5979362237693695,-0.857143628511544,0.4374419907377409,-0.8860601688135924,-0.3261157133563984,-0.8575512650889089,1.0427706588114194,-0.7957642308262095,-0.7815180815884478,-0.7847004540266602,0.178496189634453,0.6864822884157302,0.2589578380044288,-0.8967231407869636,-0.3007320136318515,-0.0149804555622307,0.9967819579491752,-0.6189520295927854,1.2410426126425833,0.4117201607488835,13284.48,1
105,0.4475837223652646,0.1335020897302887,-0.1710329557514325,-0.0481499244755447,1.4852127450425316,-0.4313835072963491,1.0364505171614429,-0.2670587577364183,0.8869621878221805,-0.2555595939480437,0.1402977258265033,-0.3242836198638539,0.5051363039606785,-0.7100898453420669,-0.6078281173607941,1.630893942946677,3.3118063076315467,2.4271117710030183,-1.8988797457261453,-0.1940024423978644,-0.3054851909254902,-0.7917327298001735,-0.3203457018884573,-0.2179630134545414,0.9549327670992732,-1.425988578497252,-0.493579719546701,-0.5208620293021697,13100.4,1
106,-2.3466631853633158,3.2067973844916224,-2.354810598173971,2.005483619979903,-2.705283582548062,0.1767574828295531,-3.334879934399308,-2.23402051179354,-2.741891640666174,-2.81061049439005,1.0425509543689986,-1.4898774785185798,-0.777079218239393,-0.6457329323567682,-2.426893192179464,-1.4183165749669475,-1.4689377752393005,-1.649403003846098,-0.1063121463757298,2.7926095658711225,-4.231721810242581,3.5958883751070227,1.5970044693126664,0.5000364158262853,-1.475556888323753,-1.5553201624222723,-4.420908391419079,-2.754266684655452,13647.63,1
107,0.3167404017171721,0.4193997576555863,-0.4143384226139545,0.6806645772488529,2.466187589790085,0.5664824042368732,0.8816473735632822,-0.2965070255126452,-0.636464801776568,-0.1103399001619001,0.2251880298987463,-0.1611027220095962,-0.8014048587090111,-0.938742206952094,1.1958810608896628,2.5479122139228645,4.45878984114072,1.750991692476991,-3.850800983688029,-0.3688461005877179,0.0871865368667415,-0.8929606870354293,-0.4425314429188048,-1.7024764497265987,1.1435141935114947,0.6019825043165992,0.1038412577843025,0.9095203848459152,8089.73,1
108,-0.6936334566367852,0.2620519662356957,-0.3575284576368225,0.0128496710788954,-0.2267794764756918,-0.6640122434195966,-0.3297746501483025,-0.456300946603085,0.366446565016138,-0.4617571780787183,0.8939993499161798,-1.150227167511858,-0.7786828495610156,-1.1478036068826651,0.7946440152522743,-1.0726210066662611,-1.1582326627939796,-1.1098287471900408,-0.0670942627221563,0.2381040973885348,0.4703740412840544,-0.6093458208559268,-0.3717217671710775,0.1955991721201906,-0.1048963031298658,0.0736256054798947,-0.6913863467434317,-1.011396350378316,8274.1,1
109,1.0172426721896453,-0.0731872679490684,-0.0806648395593802,0.1355563677268619,0.6036523124190385,-0.2584772663905021,0.5300952646535821,-0.1497857327686656,0.5972566160991727,-0.0363587291105838,0.3931956063621716,0.1907338992895844,-1.6487430947870518,-0.5373721081066146,-0.5333233700644532,1.7365063136404078,2.5070301563167363,2.7476835357110443,-0.6822245237504551,-0.2806113129247558,-0.2583773846208367,-0.8257665493979786,-0.1722733513947574,-0.14848617244878,0.9816689683863504,-0.9098905789536984,-0.1604686150039271,0.1660149079099642,17764.27,1
110,-0.3098954063382232,-0.0685636259473892,-0.063771194080982,0.3162288878155894,-0.5092099262835315,0.2760316001682945,0.031794477919369,0.0315607165054231,-0.2109994640072168,-0.4930910401043377,0.140974609221001,-0.3651476529598774,1.454337586738049,-0.6856977350385585,0.0652378615561326,-0.7752519652798006,-0.3989136002105909,-0.5167784721404564,1.5454589362133868,0.9599589768457466,0.1691532893327544,0.3642180315929049,0.5529366131853809,0.6760970187669949,-0.1423811902826376,1.4687673302523991,0.1939275067875223,0.5529277390527392,10571.8,1
111,-0.7484546928223641,0.550830854373637,-0.9822620376212924,1.5546456068025054,0.051136955532191,-0.7840269858693049,-0.3510579666909792,-0.1800852901387808,-0.282309182108511,-0.1539268194221192,1.025694052371828,-1.2614550617077462,-1.20593977225765,-1.671603950686259,1.500358456190654,-0.9165833408219194,-0.6753705188847644,-0.3319837804097293,0.7015593852387726,-0.3507427038337606,0.1090885235644015,0.6355449103964973,0.3948612772420331,-1.0416477028891475,-0.7313059900788952,0.7955175743904609,-2.4391571526277964,0.9111310984029524,19441.72,1
112,-0.1420331805486046,0.4442707466187173,-0.6622465517066611,0.5646761990927341,-0.4156886133263937,-0.9665282983797462,-0.5602124384252261,0.2091829113788865,-0.0430629601963397,-0.8851284788763786,1.4613883997517276,-1.2218771777570905,0.6232297431810079,-0.9595201572814313,-0.0174285121786147,-0.8572584255297835,-0.728801698721576,-0.3469384110062171,0.7991484125027375,0.3605704961747838,0.1673966894923512,-0.2233752141802607,0.3010484018899143,0.2306818351407227,-1.410499074702951,0.7090821170472246,0.5888866641579538,0.4802183671408841,20990.67,1
113,-2.477238785084961,3.077502635284353,-2.381838255803128,1.2506493103028735,-3.0555403546029787,-2.675849288127209,-2.307769699865293,5.180446581791156,-1.1059192279087913,-1.221221685991572,1.0079524566520306,-0.9533624870457256,1.1214829416197225,-0.7738038620452312,-0.1553836604561023,-1.1392494030271572,-1.3595379931595386,-1.4215405333464424,0.4431202828301149,1.470840746250036,0.5678537068385662,-1.6607950791000237,-0.9333264273190104,0.3219289985400854,3.418905076822908,-0.4780189121024268,1.6561103842831997,0.8403775985931116,12233.23,1
